{
  "run_id": "lr_c0_5_ng12_min2",
  "model": {
    "type": "logistic_regression",
    "C": 0.5,
    "class_weight": "balanced",
    "max_iter": 2000,
    "solver": "liblinear"
  },
  "vectorizer": {
    "type": "tfidf",
    "max_features": 50000,
    "ngram_range": [
      1,
      2
    ],
    "min_df": 2,
    "max_df": 0.95,
    "lowercase": true,
    "strip_accents": "unicode"
  },
  "preprocess": {
    "enabled": true,
    "lower": true,
    "remove_punct": true,
    "remove_numbers": false,
    "normalize_entities_flag": true,
    "remove_noise_flag": true,
    "remove_boilerplate_flag": true,
    "max_words": 1024
  },
  "split_file": "experiments/splits/split_indices.json",
  "dev": {
    "accuracy": 0.9716859716859717,
    "macro_f1": 0.9652210358410105,
    "weighted_f1": 0.9716473750540614,
    "spam_precision": 0.9545454545454546,
    "spam_recall": 0.9459459459459459,
    "spam_f1": 0.9502262443438914
  },
  "test": {
    "accuracy": 0.9703989703989704,
    "macro_f1": 0.9636895969506657,
    "weighted_f1": 0.9703788824545143,
    "spam_precision": 0.9502262443438914,
    "spam_recall": 0.9459459459459459,
    "spam_f1": 0.9480812641083521
  },
  "threshold_tuning": {
    "selected_by": "best_dev_spam_f1",
    "best_threshold": 0.51,
    "dev": {
      "accuracy": 0.972972972972973,
      "macro_f1": 0.9666649641970643,
      "weighted_f1": 0.9728796592336845,
      "spam_precision": 0.9631336405529954,
      "spam_recall": 0.9414414414414415,
      "spam_f1": 0.9521640091116174
    },
    "test": {
      "accuracy": 0.9716859716859717,
      "macro_f1": 0.9652210358410105,
      "weighted_f1": 0.9716473750540614,
      "spam_precision": 0.9545454545454546,
      "spam_recall": 0.9459459459459459,
      "spam_f1": 0.9502262443438914
    }
  }
}