{
  "run_id": "svc_c0_5_ng12_min2",
  "model": {
    "type": "linear_svc",
    "C": 0.5,
    "class_weight": "balanced",
    "max_iter": 5000
  },
  "vectorizer": {
    "type": "tfidf",
    "max_features": 50000,
    "ngram_range": [
      1,
      2
    ],
    "min_df": 2,
    "max_df": 0.95,
    "lowercase": true,
    "strip_accents": "unicode"
  },
  "preprocess": {
    "enabled": true,
    "lower": true,
    "remove_punct": true,
    "remove_numbers": false,
    "normalize_entities_flag": true,
    "remove_noise_flag": true,
    "remove_boilerplate_flag": true,
    "max_words": 1024
  },
  "split_file": "experiments/splits/split_indices.json",
  "dev": {
    "accuracy": 0.9768339768339769,
    "macro_f1": 0.9713077087196993,
    "weighted_f1": 0.9767043283151667,
    "spam_precision": 0.9766355140186916,
    "spam_recall": 0.9414414414414415,
    "spam_f1": 0.9587155963302753
  },
  "test": {
    "accuracy": 0.9832689832689833,
    "macro_f1": 0.9794767287112458,
    "weighted_f1": 0.9832576292134212,
    "spam_precision": 0.9728506787330317,
    "spam_recall": 0.9684684684684685,
    "spam_f1": 0.9706546275395034
  },
  "threshold_tuning": {
    "selected_by": "best_dev_spam_f1",
    "best_threshold": -0.21058263759655507,
    "dev": {
      "accuracy": 0.9845559845559846,
      "macro_f1": 0.9811821880650995,
      "weighted_f1": 0.9845970033583055,
      "spam_precision": 0.9646017699115044,
      "spam_recall": 0.9819819819819819,
      "spam_f1": 0.9732142857142857
    },
    "test": {
      "accuracy": 0.9768339768339769,
      "macro_f1": 0.9719215264282158,
      "weighted_f1": 0.9769548986901188,
      "spam_precision": 0.9434782608695652,
      "spam_recall": 0.9774774774774775,
      "spam_f1": 0.9601769911504425
    }
  }
}