{
  "run_id": "lr_c1_0_ng12_min1",
  "model": {
    "type": "logistic_regression",
    "C": 1.0,
    "class_weight": "balanced",
    "max_iter": 2000,
    "solver": "liblinear"
  },
  "vectorizer": {
    "type": "tfidf",
    "max_features": 80000,
    "ngram_range": [
      1,
      2
    ],
    "min_df": 1,
    "max_df": 0.95,
    "lowercase": true,
    "strip_accents": "unicode"
  },
  "preprocess": {
    "enabled": true,
    "lower": true,
    "remove_punct": true,
    "remove_numbers": false,
    "normalize_entities_flag": true,
    "remove_noise_flag": true,
    "remove_boilerplate_flag": true,
    "max_words": 1024
  },
  "split_file": "experiments/splits/split_indices.json",
  "dev": {
    "accuracy": 0.9742599742599742,
    "macro_f1": 0.968208376294987,
    "weighted_f1": 0.9741528663313905,
    "spam_precision": 0.9675925925925926,
    "spam_recall": 0.9414414414414415,
    "spam_f1": 0.954337899543379
  },
  "test": {
    "accuracy": 0.9742599742599742,
    "macro_f1": 0.9683827598554641,
    "weighted_f1": 0.9742248864127832,
    "spam_precision": 0.9590909090909091,
    "spam_recall": 0.9504504504504504,
    "spam_f1": 0.9547511312217195
  },
  "threshold_tuning": {
    "selected_by": "best_dev_spam_f1",
    "best_threshold": 0.46,
    "dev": {
      "accuracy": 0.9755469755469756,
      "macro_f1": 0.9700854094690023,
      "weighted_f1": 0.9755634260472104,
      "spam_precision": 0.9551569506726457,
      "spam_recall": 0.9594594594594594,
      "spam_f1": 0.9573033707865168
    },
    "test": {
      "accuracy": 0.9678249678249679,
      "macro_f1": 0.9608481391528686,
      "weighted_f1": 0.9679313219205791,
      "spam_precision": 0.933920704845815,
      "spam_recall": 0.954954954954955,
      "spam_f1": 0.9443207126948775
    }
  }
}