{
  "run_id": "svc_c1_0_ng12_min1",
  "model": {
    "type": "linear_svc",
    "C": 1.0,
    "class_weight": "balanced",
    "max_iter": 5000
  },
  "vectorizer": {
    "type": "tfidf",
    "max_features": 80000,
    "ngram_range": [
      1,
      2
    ],
    "min_df": 1,
    "max_df": 0.95,
    "lowercase": true,
    "strip_accents": "unicode"
  },
  "preprocess": {
    "enabled": true,
    "lower": true,
    "remove_punct": true,
    "remove_numbers": false,
    "normalize_entities_flag": true,
    "remove_noise_flag": true,
    "remove_boilerplate_flag": true,
    "max_words": 1024
  },
  "split_file": "experiments/splits/split_indices.json",
  "dev": {
    "accuracy": 0.9768339768339769,
    "macro_f1": 0.9713077087196993,
    "weighted_f1": 0.9767043283151667,
    "spam_precision": 0.9766355140186916,
    "spam_recall": 0.9414414414414415,
    "spam_f1": 0.9587155963302753
  },
  "test": {
    "accuracy": 0.9819819819819819,
    "macro_f1": 0.9778072466133507,
    "weighted_f1": 0.9819324302268646,
    "spam_precision": 0.9770642201834863,
    "spam_recall": 0.9594594594594594,
    "spam_f1": 0.9681818181818181
  },
  "threshold_tuning": {
    "selected_by": "best_dev_spam_f1",
    "best_threshold": -0.24075724717436758,
    "dev": {
      "accuracy": 0.9845559845559846,
      "macro_f1": 0.9811821880650995,
      "weighted_f1": 0.9845970033583055,
      "spam_precision": 0.9646017699115044,
      "spam_recall": 0.9819819819819819,
      "spam_f1": 0.9732142857142857
    },
    "test": {
      "accuracy": 0.9781209781209781,
      "macro_f1": 0.9735159487762479,
      "weighted_f1": 0.9782488956027763,
      "spam_precision": 0.9437229437229437,
      "spam_recall": 0.9819819819819819,
      "spam_f1": 0.9624724061810155
    }
  }
}