{
  "model": "multinomial_naive_bayes",
  "feature_extractor": "tfidf",
  "preprocess": {
    "enabled": true,
    "lower": true,
    "remove_punct": true,
    "remove_numbers": false,
    "normalize_entities_flag": true,
    "remove_noise_flag": true,
    "remove_boilerplate_flag": true,
    "max_words": 1024
  },
  "split_file": "experiments/splits/split_indices.json",
  "dev": {
    "accuracy": 0.9459459459459459,
    "macro_f1": 0.9297589324149806,
    "weighted_f1": 0.9442100731812311,
    "spam_precision": 0.9945054945054945,
    "spam_recall": 0.8153153153153153,
    "spam_f1": 0.8960396039603961
  },
  "streamlit_model_path": "models\\baseline_pipeline.joblib",
  "test": {
    "accuracy": 0.9395109395109396,
    "macro_f1": 0.9215227411920188,
    "weighted_f1": 0.9376250800097624,
    "spam_precision": 0.9781420765027322,
    "spam_recall": 0.8063063063063063,
    "spam_f1": 0.8839506172839506
  }
}