{
  "model": "multinomial_naive_bayes",
  "feature_extractor": "tfidf",
  "preprocess": {
    "enabled": true,
    "lower": true,
    "remove_punct": true,
    "remove_numbers": false,
    "normalize_entities_flag": true,
    "remove_noise_flag": true,
    "remove_boilerplate_flag": true,
    "max_words": 1024
  },
  "split_file": "experiments/splits/split_indices.json",
  "dev": {
    "accuracy": 0.966626936829559,
    "macro_f1": 0.9582954610009657,
    "weighted_f1": 0.9662270259897866,
    "spam_precision": 0.9775784753363229,
    "spam_recall": 0.9045643153526971,
    "spam_f1": 0.9396551724137931
  },
  "streamlit_model_path": "models\\baseline_pipeline.joblib",
  "test": {
    "accuracy": 0.9743742550655542,
    "macro_f1": 0.967955524822988,
    "weighted_f1": 0.9740751131767529,
    "spam_precision": 0.9910313901345291,
    "spam_recall": 0.918918918918919,
    "spam_f1": 0.95361380798274
  }
}