{
  "model": "multinomial_naive_bayes",
  "feature_extractor": "tfidf",
  "preprocess": {
    "enabled": false,
    "lower": true,
    "remove_punct": true,
    "remove_numbers": false,
    "normalize_entities_flag": true,
    "remove_noise_flag": true,
    "remove_boilerplate_flag": true,
    "max_words": 1024
  },
  "split_file": "experiments/splits/split_indices.json",
  "dev": {
    "accuracy": 0.9338747099767981,
    "macro_f1": 0.9156125535214679,
    "weighted_f1": 0.9316431746493389,
    "spam_precision": 0.9805825242718447,
    "spam_recall": 0.792156862745098,
    "spam_f1": 0.8763557483731019
  },
  "streamlit_model_path": "models\\baseline_pipeline.joblib",
  "test": {
    "accuracy": 0.9316338354577057,
    "macro_f1": 0.9114525455414981,
    "weighted_f1": 0.9287437963677634,
    "spam_precision": 1.0,
    "spam_recall": 0.7686274509803922,
    "spam_f1": 0.8691796008869179
  }
}